pdbid	vina_rank	pdbqt_model_number	vina_affinity_kcal_mol	direct_native_rmsd_angstrom	native_like_at_2A	mcs_atom_count	mcs_fraction_of_smaller_ligand	mapping_pairs_tested	legacy_stage5_coordinate_rmsd_angstrom	status
1KMV	1	1	-10.500	0.212	yes	8	0.320	1	4.338449	ok
1KMV	2	2	-10.500	0.364	yes	8	0.320	1	4.457572	ok
1KMV	3	3	-9.800	0.223	yes	8	0.320	1	4.303308	ok
1KMV	4	4	-9.700	0.319	yes	8	0.320	1	4.420588	ok
1KMV	5	5	-9.500	9.843	no	8	0.320	1	8.175672	ok
1KMV	6	6	-9.400	3.256	no	8	0.320	1	4.587517	ok
1KMV	7	7	-9.100	1.023	yes	8	0.320	1	4.025178	ok
1KMV	8	8	-9.100	2.566	no	8	0.320	1	4.197416	ok
1KMV	9	9	-9.000	2.031	no	8	0.320	1	3.932116	ok
1KMV	10	10	-9.000	10.888	no	8	0.320	1	9.442859	ok
1KMV	11	11	-8.900	9.293	no	8	0.320	1	7.781446	ok
1KMV	12	12	-8.800	3.411	no	8	0.320	1	3.992265	ok
1KMV	13	13	-8.800	2.545	no	8	0.320	1	4.258801	ok
1KMV	14	14	-8.800	2.192	no	8	0.320	1	3.901279	ok
1KMV	15	15	-8.800	9.700	no	8	0.320	1	8.259762	ok
1KMV	16	16	-8.700	10.444	no	8	0.320	1	9.117810	ok
1KMV	17	17	-8.600	9.912	no	8	0.320	1	8.226861	ok
1KMV	18	18	-8.500	10.426	no	8	0.320	1	8.992685	ok
1KMV	19	19	-8.400	7.790	no	8	0.320	1	6.393139	ok
1KMV	20	20	-8.200	10.519	no	8	0.320	1	9.256881	ok
3FS6	1	1	-8.600	1.226	yes	9	0.360	1	3.806485	ok
3FS6	2	2	-8.500	7.625	no	9	0.360	1	6.060849	ok
3FS6	3	3	-8.400	2.730	no	9	0.360	1	3.191557	ok
3FS6	4	4	-8.300	7.357	no	9	0.360	1	5.267252	ok
3FS6	5	5	-8.200	4.447	no	9	0.360	1	4.384382	ok
3FS6	6	6	-7.900	8.325	no	9	0.360	1	6.065962	ok
3FS6	7	7	-7.800	2.817	no	9	0.360	1	4.068876	ok
3FS6	8	8	-7.800	8.311	no	9	0.360	1	6.797834	ok
3FS6	9	9	-7.700	2.922	no	9	0.360	1	5.589973	ok
3FS6	10	10	-7.700	1.387	yes	9	0.360	1	3.587662	ok
3FS6	11	11	-7.500	1.773	yes	9	0.360	1	3.619434	ok
3FS6	12	12	-7.400	7.412	no	9	0.360	1	5.672271	ok
3FS6	13	13	-7.300	8.114	no	9	0.360	1	6.909030	ok
3FS6	14	14	-7.300	7.311	no	9	0.360	1	4.880824	ok
3FS6	15	15	-7.300	7.177	no	9	0.360	1	5.012178	ok
3FS6	16	16	-7.200	8.196	no	9	0.360	1	6.647208	ok
3FS6	17	17	-7.100	6.174	no	9	0.360	1	4.381829	ok
3FS6	18	18	-7.100	3.783	no	9	0.360	1	4.703279	ok
3FS6	19	19	-7.100	7.336	no	9	0.360	1	5.347120	ok
3FS6	20	20	-7.100	7.339	no	9	0.360	1	5.456364	ok
3NTZ	1	1	-10.300	4.294	no	13	0.371	1	6.899901	ok
3NTZ	2	2	-10.000	3.803	no	13	0.371	1	6.251081	ok
3NTZ	3	3	-9.900	3.556	no	13	0.371	1	6.138728	ok
3NTZ	4	4	-9.800	2.118	no	13	0.371	1	6.699569	ok
3NTZ	5	5	-9.800	9.805	no	13	0.371	1	7.077757	ok
3NTZ	6	6	-9.700	4.592	no	13	0.371	1	8.196923	ok
3NTZ	7	7	-9.600	2.860	no	13	0.371	1	7.160408	ok
3NTZ	8	8	-9.600	9.199	no	13	0.371	1	9.687967	ok
3NTZ	9	9	-9.500	10.427	no	13	0.371	1	10.313919	ok
3NTZ	10	10	-9.400	9.695	no	13	0.371	1	7.478341	ok
3NTZ	11	11	-9.400	9.348	no	13	0.371	1	7.497030	ok
3NTZ	12	12	-9.300	9.960	no	13	0.371	1	7.835730	ok
3NTZ	13	13	-9.200	9.908	no	13	0.371	1	7.831986	ok
3NTZ	14	14	-9.200	9.029	no	13	0.371	1	9.849645	ok
3NTZ	15	15	-9.200	9.106	no	13	0.371	1	7.334105	ok
3NTZ	16	16	-9.100	9.756	no	13	0.371	1	10.406129	ok
3NTZ	17	17	-8.900	9.030	no	13	0.371	1	7.304302	ok
3NTZ	18	18	-8.800	9.057	no	13	0.371	1	7.359798	ok
3NTZ	19	19	-8.700	8.982	no	13	0.371	1	7.636294	ok
3NTZ	20	20	-8.700	9.197	no	13	0.371	1	7.459450	ok
3NXO	1	1	-10.100	1.723	yes	7	0.292	1	4.387737	ok
3NXO	2	2	-10.000	1.641	yes	7	0.292	1	4.625710	ok
3NXO	3	3	-9.900	3.936	no	7	0.292	1	4.890057	ok
3NXO	4	4	-9.900	3.865	no	7	0.292	1	4.732376	ok
3NXO	5	5	-9.600	2.075	no	7	0.292	1	4.436113	ok
3NXO	6	6	-9.500	2.905	no	7	0.292	1	5.056513	ok
3NXO	7	7	-9.500	3.274	no	7	0.292	1	4.828710	ok
3NXO	8	8	-9.400	2.059	no	7	0.292	1	4.554013	ok
3NXO	9	9	-9.400	2.815	no	7	0.292	1	4.841950	ok
3NXO	10	10	-9.200	4.234	no	7	0.292	1	5.155047	ok
3NXO	11	11	-8.900	3.119	no	5	0.208	1	4.284198	ok
3NXO	12	12	-8.800	4.251	no	7	0.292	1	5.163548	ok
3NXO	13	13	-8.800	4.663	no	7	0.292	1	5.707133	ok
3NXO	14	14	-8.800	6.184	no	7	0.292	1	6.681145	ok
3NXO	15	15	-8.800	2.706	no	7	0.292	1	4.958320	ok
3NXO	16	16	-8.700	3.506	no	7	0.292	1	5.665511	ok
3NXO	17	17	-8.700	6.298	no	7	0.292	1	6.738355	ok
3NXO	18	18	-8.700	2.681	no	7	0.292	1	5.052114	ok
3NXO	19	19	-8.700	4.241	no	7	0.292	1	5.019421	ok
3NXO	20	20	-8.500	3.501	no	7	0.292	1	5.647714	ok
4M6K	1	1	-9.500	1.036	yes	13	0.406	1	4.366379	ok
4M6K	2	2	-9.500	0.989	yes	13	0.406	1	4.482525	ok
4M6K	3	3	-9.200	3.596	no	13	0.406	1	3.861357	ok
4M6K	4	4	-9.100	8.228	no	13	0.406	1	8.705143	ok
4M6K	5	5	-9.100	4.096	no	13	0.406	1	4.259335	ok
4M6K	6	6	-9.000	8.342	no	13	0.406	1	8.815755	ok
4M6K	7	7	-8.800	1.784	yes	13	0.406	1	4.496883	ok
4M6K	8	8	-8.800	3.951	no	13	0.406	1	4.568923	ok
4M6K	9	9	-8.700	4.213	no	13	0.406	1	4.076753	ok
4M6K	10	10	-8.600	4.061	no	13	0.406	1	4.557566	ok
4M6K	11	11	-8.600	8.297	no	13	0.406	1	9.208609	ok
4M6K	12	12	-8.600	8.107	no	13	0.406	1	8.910623	ok
4M6K	13	13	-8.600	3.839	no	13	0.406	1	5.320573	ok
4M6K	14	14	-8.500	7.707	no	13	0.406	1	8.478966	ok
4M6K	15	15	-8.500	9.046	no	13	0.406	1	9.837758	ok
4M6K	16	16	-8.500	4.494	no	13	0.406	1	4.778700	ok
4M6K	17	17	-8.400	8.573	no	13	0.406	1	9.057962	ok
4M6K	18	18	-8.400	4.001	no	13	0.406	1	4.538043	ok
4M6K	19	19	-8.300	2.696	no	13	0.406	1	5.114635	ok
4M6K	20	20	-8.300	8.540	no	13	0.406	1	9.312878	ok
5HSR	1	1	-10.400	2.229	no	3	0.143	1	4.166911	ok
5HSR	2	2	-10.300	2.179	no	3	0.143	1	4.083832	ok
5HSR	3	3	-9.600	1.047	yes	3	0.143	1	3.794546	ok
5HSR	4	4	-8.600	1.631	yes	3	0.143	1	3.083732	ok
5HSR	5	5	-8.600	2.401	no	3	0.143	1	4.528899	ok
5HSR	6	6	-8.500	2.170	no	3	0.143	1	5.072493	ok
5HSR	7	7	-8.400	0.956	yes	3	0.143	1	3.105026	ok
5HSR	8	8	-8.300	1.670	yes	3	0.143	1	2.656297	ok
5HSR	9	9	-8.300	2.506	no	3	0.143	1	4.859011	ok
5HSR	10	10	-8.100	4.086	no	3	0.143	1	5.511962	ok
5HSR	11	11	-8.100	2.247	no	3	0.143	1	5.165106	ok
5HSR	12	12	-7.900	2.442	no	3	0.143	1	2.252384	ok
5HSR	13	13	-7.700	1.822	yes	3	0.143	1	4.570552	ok
5HSR	14	14	-7.600	2.972	no	3	0.143	1	5.051005	ok
5HSR	15	15	-7.600	5.206	no	3	0.143	1	6.240549	ok
5HSR	16	16	-7.500	4.635	no	3	0.143	1	5.555848	ok
5HSR	17	17	-7.400	5.076	no	3	0.143	1	6.720358	ok
5HSR	18	18	-7.300	2.013	no	3	0.143	1	4.424801	ok
5HSR	19	19	-7.300	6.127	no	3	0.143	1	6.927564	ok
