pdbid	vina_rank	vina_affinity_kcal_mol	direct_heavy_atom_rmsd_angstrom	native_like_at_2A	native_heavy_atom_count	docked_heavy_atom_count	mcs_atom_count	mcs_fraction_of_smaller_ligand	full_graph_match	mapping_pairs_tested	status
1KMV	1	-10.500	0.212	yes	25	25	8	0.320	no	1	ok
1KMV	2	-10.500	0.364	yes	25	25	8	0.320	no	1	ok
1KMV	3	-9.800	0.223	yes	25	25	8	0.320	no	1	ok
1KMV	4	-9.700	0.319	yes	25	25	8	0.320	no	1	ok
1KMV	5	-9.500	9.843	no	25	25	8	0.320	no	1	ok
1KMV	6	-9.400	3.256	no	25	25	8	0.320	no	1	ok
1KMV	7	-9.100	1.023	yes	25	25	8	0.320	no	1	ok
1KMV	8	-9.100	2.566	no	25	25	8	0.320	no	1	ok
1KMV	9	-9.000	2.031	no	25	25	8	0.320	no	1	ok
1KMV	10	-9.000	10.888	no	25	25	8	0.320	no	1	ok
1KMV	11	-8.900	9.293	no	25	25	8	0.320	no	1	ok
1KMV	12	-8.800	3.411	no	25	25	8	0.320	no	1	ok
1KMV	13	-8.800	2.545	no	25	25	8	0.320	no	1	ok
1KMV	14	-8.800	2.192	no	25	25	8	0.320	no	1	ok
1KMV	15	-8.800	9.700	no	25	25	8	0.320	no	1	ok
1KMV	16	-8.700	10.444	no	25	25	8	0.320	no	1	ok
1KMV	17	-8.600	9.912	no	25	25	8	0.320	no	1	ok
1KMV	18	-8.500	10.426	no	25	25	8	0.320	no	1	ok
1KMV	19	-8.400	7.790	no	25	25	8	0.320	no	1	ok
1KMV	20	-8.200	10.519	no	25	25	8	0.320	no	1	ok
3FS6	1	-8.600	1.226	yes	25	25	9	0.360	no	1	ok
3FS6	2	-8.500	7.625	no	25	25	9	0.360	no	1	ok
3FS6	3	-8.400	2.730	no	25	25	9	0.360	no	1	ok
3FS6	4	-8.300	7.357	no	25	25	9	0.360	no	1	ok
3FS6	5	-8.200	4.447	no	25	25	9	0.360	no	1	ok
3FS6	6	-7.900	8.325	no	25	25	9	0.360	no	1	ok
3FS6	7	-7.800	2.817	no	25	25	9	0.360	no	1	ok
3FS6	8	-7.800	8.311	no	25	25	9	0.360	no	1	ok
3FS6	9	-7.700	2.922	no	25	25	9	0.360	no	1	ok
3FS6	10	-7.700	1.387	yes	25	25	9	0.360	no	1	ok
3FS6	11	-7.500	1.773	yes	25	25	9	0.360	no	1	ok
3FS6	12	-7.400	7.412	no	25	25	9	0.360	no	1	ok
3FS6	13	-7.300	8.114	no	25	25	9	0.360	no	1	ok
3FS6	14	-7.300	7.311	no	25	25	9	0.360	no	1	ok
3FS6	15	-7.300	7.177	no	25	25	9	0.360	no	1	ok
3FS6	16	-7.200	8.196	no	25	25	9	0.360	no	1	ok
3FS6	17	-7.100	6.174	no	25	25	9	0.360	no	1	ok
3FS6	18	-7.100	3.783	no	25	25	9	0.360	no	1	ok
3FS6	19	-7.100	7.336	no	25	25	9	0.360	no	1	ok
3FS6	20	-7.100	7.339	no	25	25	9	0.360	no	1	ok
3NTZ	1	-10.300	4.294	no	35	35	13	0.371	no	1	ok
3NTZ	2	-10.000	3.803	no	35	35	13	0.371	no	1	ok
3NTZ	3	-9.900	3.556	no	35	35	13	0.371	no	1	ok
3NTZ	4	-9.800	2.118	no	35	35	13	0.371	no	1	ok
3NTZ	5	-9.800	9.805	no	35	35	13	0.371	no	1	ok
3NTZ	6	-9.700	4.592	no	35	35	13	0.371	no	1	ok
3NTZ	7	-9.600	2.860	no	35	35	13	0.371	no	1	ok
3NTZ	8	-9.600	9.199	no	35	35	13	0.371	no	1	ok
3NTZ	9	-9.500	10.427	no	35	35	13	0.371	no	1	ok
3NTZ	10	-9.400	9.695	no	35	35	13	0.371	no	1	ok
3NTZ	11	-9.400	9.348	no	35	35	13	0.371	no	1	ok
3NTZ	12	-9.300	9.960	no	35	35	13	0.371	no	1	ok
3NTZ	13	-9.200	9.908	no	35	35	13	0.371	no	1	ok
3NTZ	14	-9.200	9.029	no	35	35	13	0.371	no	1	ok
3NTZ	15	-9.200	9.106	no	35	35	13	0.371	no	1	ok
3NTZ	16	-9.100	9.756	no	35	35	13	0.371	no	1	ok
3NTZ	17	-8.900	9.030	no	35	35	13	0.371	no	1	ok
3NTZ	18	-8.800	9.057	no	35	35	13	0.371	no	1	ok
3NTZ	19	-8.700	8.982	no	35	35	13	0.371	no	1	ok
3NTZ	20	-8.700	9.197	no	35	35	13	0.371	no	1	ok
3NXO	1	-10.100	1.723	yes	24	24	7	0.292	no	1	ok
3NXO	2	-10.000	1.641	yes	24	24	7	0.292	no	1	ok
3NXO	3	-9.900	3.936	no	24	24	7	0.292	no	1	ok
3NXO	4	-9.900	3.865	no	24	24	7	0.292	no	1	ok
3NXO	5	-9.600	2.075	no	24	24	7	0.292	no	1	ok
3NXO	6	-9.500	2.905	no	24	24	7	0.292	no	1	ok
3NXO	7	-9.500	3.274	no	24	24	7	0.292	no	1	ok
3NXO	8	-9.400	2.059	no	24	24	7	0.292	no	1	ok
3NXO	9	-9.400	2.815	no	24	24	7	0.292	no	1	ok
3NXO	10	-9.200	4.234	no	24	24	7	0.292	no	1	ok
3NXO	11	-8.900	3.119	no	24	24	5	0.208	no	1	ok
3NXO	12	-8.800	4.251	no	24	24	7	0.292	no	1	ok
3NXO	13	-8.800	4.663	no	24	24	7	0.292	no	1	ok
3NXO	14	-8.800	6.184	no	24	24	7	0.292	no	1	ok
3NXO	15	-8.800	2.706	no	24	24	7	0.292	no	1	ok
3NXO	16	-8.700	3.506	no	24	24	7	0.292	no	1	ok
3NXO	17	-8.700	6.298	no	24	24	7	0.292	no	1	ok
3NXO	18	-8.700	2.681	no	24	24	7	0.292	no	1	ok
3NXO	19	-8.700	4.241	no	24	24	7	0.292	no	1	ok
3NXO	20	-8.500	3.501	no	24	24	7	0.292	no	1	ok
4M6K	1	-9.500	1.036	yes	32	32	13	0.406	no	1	ok
4M6K	2	-9.500	0.989	yes	32	32	13	0.406	no	1	ok
4M6K	3	-9.200	3.596	no	32	32	13	0.406	no	1	ok
4M6K	4	-9.100	8.228	no	32	32	13	0.406	no	1	ok
4M6K	5	-9.100	4.096	no	32	32	13	0.406	no	1	ok
4M6K	6	-9.000	8.342	no	32	32	13	0.406	no	1	ok
4M6K	7	-8.800	1.784	yes	32	32	13	0.406	no	1	ok
4M6K	8	-8.800	3.951	no	32	32	13	0.406	no	1	ok
4M6K	9	-8.700	4.213	no	32	32	13	0.406	no	1	ok
4M6K	10	-8.600	4.061	no	32	32	13	0.406	no	1	ok
4M6K	11	-8.600	8.297	no	32	32	13	0.406	no	1	ok
4M6K	12	-8.600	8.107	no	32	32	13	0.406	no	1	ok
4M6K	13	-8.600	3.839	no	32	32	13	0.406	no	1	ok
4M6K	14	-8.500	7.707	no	32	32	13	0.406	no	1	ok
4M6K	15	-8.500	9.046	no	32	32	13	0.406	no	1	ok
4M6K	16	-8.500	4.494	no	32	32	13	0.406	no	1	ok
4M6K	17	-8.400	8.573	no	32	32	13	0.406	no	1	ok
4M6K	18	-8.400	4.001	no	32	32	13	0.406	no	1	ok
4M6K	19	-8.300	2.696	no	32	32	13	0.406	no	1	ok
4M6K	20	-8.300	8.540	no	32	32	13	0.406	no	1	ok
5HSR	1	-10.400	2.229	no	21	21	3	0.143	no	1	ok
5HSR	2	-10.300	2.179	no	21	21	3	0.143	no	1	ok
5HSR	3	-9.600	1.047	yes	21	21	3	0.143	no	1	ok
5HSR	4	-8.600	1.631	yes	21	21	3	0.143	no	1	ok
5HSR	5	-8.600	2.401	no	21	21	3	0.143	no	1	ok
5HSR	6	-8.500	2.170	no	21	21	3	0.143	no	1	ok
5HSR	7	-8.400	0.956	yes	21	21	3	0.143	no	1	ok
5HSR	8	-8.300	1.670	yes	21	21	3	0.143	no	1	ok
5HSR	9	-8.300	2.506	no	21	21	3	0.143	no	1	ok
5HSR	10	-8.100	4.086	no	21	21	3	0.143	no	1	ok
5HSR	11	-8.100	2.247	no	21	21	3	0.143	no	1	ok
5HSR	12	-7.900	2.442	no	21	21	3	0.143	no	1	ok
5HSR	13	-7.700	1.822	yes	21	21	3	0.143	no	1	ok
5HSR	14	-7.600	2.972	no	21	21	3	0.143	no	1	ok
5HSR	15	-7.600	5.206	no	21	21	3	0.143	no	1	ok
5HSR	16	-7.500	4.635	no	21	21	3	0.143	no	1	ok
5HSR	17	-7.400	5.076	no	21	21	3	0.143	no	1	ok
5HSR	18	-7.300	2.013	no	21	21	3	0.143	no	1	ok
5HSR	19	-7.300	6.127	no	21	21	3	0.143	no	1	ok
